epoch,time,train/box_loss,train/cls_loss,train/dfl_loss,metrics/precision(B),metrics/recall(B),metrics/mAP50(B),metrics/mAP50-95(B),val/box_loss,val/cls_loss,val/dfl_loss,lr/pg0,lr/pg1,lr/pg2
1,59.6137,2.30041,3.87287,1.95005,0.00973,0.2684,0.00884,0.00412,2.00364,3.91017,1.97163,0.000463102,0.000463102,0.000463102
2,110.071,2.26545,3.56489,1.89239,0.00999,0.26388,0.01252,0.0056,2.06961,3.86002,2.00287,0.000474415,0.000474415,0.000474415
